student_id,consent_given,consent_time,method
S0000,True,2023-12-04 08:54:13.000420,digital
S0001,True,2025-05-20 08:38:41.655396,digital
S0002,False,2024-07-03 19:30:17.166834,form
S0003,True,2025-05-09 17:45:09.309195,email
S0004,True,2023-09-15 17:07:04.110010,form
S0005,True,2024-12-05 08:12:33.995606,form
S0006,True,2024-07-12 19:40:39.205382,email
S0007,True,2024-11-12 10:51:44.746503,form
S0008,False,2024-01-12 01:00:31.000760,form
S0009,True,2024-10-20 08:37:13.406890,digital
S0010,True,2025-01-31 11:30:05.723930,email
S0011,True,2024-12-23 17:18:25.407554,form
S0012,True,2023-07-12 07:36:40.824701,form
S0013,True,2024-08-14 18:50:00.962831,form
S0014,True,2025-04-03 19:46:09.259300,digital
S0015,True,2023-12-20 16:47:00.934333,email
S0016,False,2024-01-20 01:52:36.490484,digital
S0017,True,2025-02-07 23:10:44.149468,email
S0018,False,2025-01-01 00:00:32.946591,email
S0019,False,2024-10-27 18:37:11.458123,email
S0020,True,2024-08-06 14:31:19.822895,form
S0021,True,2024-09-17 16:58:00.252667,form
S0022,False,2025-01-31 03:19:11.620118,digital
S0023,False,2024-07-18 14:01:13.056043,digital
S0024,False,2023-11-08 03:04:20.852886,digital
S0025,True,2024-06-24 13:32:16.552568,digital
S0026,True,2024-07-17 10:07:06.364523,email
S0027,False,2023-10-14 09:36:50.305553,digital
S0028,True,2023-07-11 18:49:18.181787,form
S0029,True,2025-01-08 20:34:54.076960,form
S0030,False,2025-01-09 17:30:14.365767,digital
S0031,True,2024-04-29 02:10:00.242401,email
S0032,False,2024-03-02 19:10:16.671479,email
S0033,False,2024-06-12 20:43:40.123466,email
S0034,False,2023-11-11 08:38:34.000898,digital
S0035,True,2024-12-13 15:39:09.810479,form
S0036,False,2024-12-05 01:51:53.130913,digital
S0037,True,2024-05-02 19:58:20.117893,email
S0038,False,2024-11-16 22:08:21.455542,form
S0039,True,2024-01-12 03:16:41.152237,email
S0040,False,2023-11-20 04:41:01.616993,digital
S0041,False,2024-04-16 02:35:16.847869,email
S0042,True,2025-03-03 11:41:29.895032,digital
S0043,True,2024-09-08 22:12:23.501804,digital
S0044,True,2024-08-12 11:53:32.162800,email
S0045,True,2023-09-05 16:19:54.243677,form
S0046,False,2024-06-06 04:03:19.216436,digital
S0047,True,2023-11-17 20:37:06.875704,digital
S0048,True,2023-12-23 08:55:08.343102,email
S0049,True,2023-07-30 22:43:58.754773,digital
S0050,False,2024-02-28 00:54:50.751864,email
S0051,False,2024-06-05 19:48:15.193759,email
S0052,False,2023-12-20 15:45:20.036174,email
S0053,False,2024-02-26 01:14:58.453214,email
S0054,True,2023-12-10 17:30:42.665094,form
S0055,False,2025-05-26 22:11:27.767060,form
S0056,False,2023-07-09 11:47:46.064531,digital
S0057,True,2023-08-22 04:49:40.410268,email
S0058,False,2024-08-13 07:49:29.350749,form
S0059,True,2023-10-05 13:28:21.453966,digital
S0060,True,2024-04-22 12:32:35.898825,form
S0061,True,2023-07-29 12:57:18.801192,form
S0062,True,2024-06-02 16:24:07.019836,form
S0063,False,2024-07-22 06:45:15.331945,email
S0064,False,2024-12-18 00:46:45.118392,email
S0065,False,2023-09-10 10:43:44.049726,form
S0066,True,2025-06-19 11:58:56.001118,form
S0067,False,2024-08-01 04:57:39.788967,form
S0068,True,2024-12-03 06:54:57.729157,digital
S0069,True,2023-12-05 17:29:57.870953,form
S0070,True,2023-12-01 04:49:54.219032,form
S0071,False,2024-03-24 09:45:59.115449,digital
S0072,False,2023-07-24 05:39:39.392723,digital
S0073,False,2023-07-06 00:48:35.550053,form
S0074,True,2024-08-29 15:29:25.916511,email
S0075,True,2023-09-23 08:22:33.376913,email
S0076,False,2024-01-18 07:45:29.892487,digital
S0077,True,2024-08-30 11:14:30.394981,form
S0078,False,2024-05-21 02:03:12.748434,email
S0079,False,2023-11-27 05:17:49.759851,email
S0080,False,2024-03-02 10:43:17.796363,digital
S0081,True,2023-12-17 09:36:24.023798,digital
S0082,False,2023-09-22 06:06:26.476156,form
S0083,True,2025-02-04 19:53:32.766906,digital
S0084,True,2025-01-25 08:54:24.004478,form
S0085,False,2024-07-23 16:14:45.523332,digital
S0086,False,2024-09-29 00:55:51.432016,digital
S0087,False,2025-01-03 07:39:03.451952,email
S0088,False,2023-07-29 18:06:22.057727,email
S0089,True,2024-11-11 18:53:18.747135,digital
S0090,True,2024-07-26 17:35:55.791842,email
S0091,False,2024-10-19 15:08:42.120005,digital
S0092,True,2024-11-16 19:22:04.977516,email
S0093,True,2023-07-02 03:10:12.338954,digital
S0094,True,2025-03-03 14:05:22.192741,email
S0095,True,2025-02-13 08:07:40.362738,email
S0096,True,2023-12-02 12:49:24.184568,form
S0097,False,2024-04-23 07:22:00.573373,form
S0098,True,2024-02-24 02:10:34.175735,digital
S0099,False,2023-08-31 06:57:12.787712,email
S0100,False,2024-08-26 06:29:15.683115,email
S0101,False,2025-05-03 01:04:22.069069,form
S0102,False,2024-01-16 07:42:20.168133,email
S0103,True,2024-05-04 11:32:29.590930,email
S0104,True,2024-03-08 09:30:27.220865,digital
S0105,False,2024-03-14 04:43:22.762898,email
S0106,False,2024-05-22 22:12:50.508883,email
S0107,True,2024-11-16 20:35:51.946504,digital
S0108,False,2023-07-17 03:18:57.829457,digital
S0109,False,2023-09-06 17:14:54.103462,digital
S0110,True,2024-09-27 15:36:41.657170,form
S0111,False,2023-07-13 02:13:37.164230,digital
S0112,True,2024-01-14 13:25:08.758445,email
S0113,False,2023-10-31 04:20:48.383623,email
S0114,True,2023-10-20 03:22:27.207624,form
S0115,True,2024-12-17 04:47:12.804770,form
S0116,False,2024-12-13 12:31:10.765796,email
S0117,True,2023-11-17 13:23:00.695062,email
S0118,True,2023-11-27 05:03:36.807966,digital
S0119,False,2023-10-02 08:54:09.128562,form
S0120,True,2024-05-29 03:13:11.673480,digital
S0121,True,2024-10-22 19:39:25.077351,digital
S0122,False,2023-12-09 07:16:53.282671,form
S0123,False,2023-10-03 17:58:56.201619,form
S0124,True,2023-09-21 14:16:43.118030,digital
S0125,True,2025-04-23 20:42:17.006588,form
S0126,False,2023-11-23 15:01:39.044353,form
S0127,False,2024-09-27 14:16:52.431088,digital
S0128,True,2025-03-31 10:23:00.227490,email
S0129,True,2024-02-01 08:03:39.880380,form
S0130,True,2024-11-10 03:40:16.831482,form
S0131,True,2023-10-17 22:20:48.742609,email
S0132,True,2023-08-12 16:54:47.026646,form
S0133,False,2025-04-15 18:22:20.133792,email
S0134,True,2024-06-07 12:56:13.425749,digital
S0135,True,2023-07-03 01:22:06.033150,digital
S0136,True,2024-03-27 01:54:29.806503,form
S0137,False,2024-07-20 20:32:57.640682,form
S0138,True,2024-11-08 10:59:47.247141,email
S0139,False,2025-04-09 17:37:48.642789,digital
S0140,False,2023-09-14 18:19:37.942944,email
S0141,True,2025-01-05 21:07:51.274555,form
S0142,True,2023-11-29 04:38:42.740888,form
S0143,False,2023-10-17 19:01:11.334776,digital
S0144,False,2023-09-14 16:50:32.509938,email
S0145,False,2023-12-11 22:57:18.259104,email
S0146,False,2025-02-10 01:50:03.848032,form
S0147,False,2024-01-07 21:34:10.825607,digital
S0148,True,2024-07-11 12:42:37.756737,email
S0149,True,2024-08-05 21:40:33.543504,form
S0150,True,2024-11-03 03:03:11.555099,form
S0151,True,2025-05-21 10:05:32.889983,digital
S0152,False,2025-05-08 08:01:24.328863,digital
S0153,True,2025-04-14 04:07:42.221593,digital
S0154,True,2025-04-27 10:33:00.001635,email
S0155,True,2025-06-15 13:53:21.717923,email
S0156,True,2025-04-04 23:27:41.899690,digital
S0157,True,2023-10-20 11:08:26.071815,digital
S0158,True,2025-06-24 22:28:13.837672,email
S0159,True,2024-07-20 17:21:38.565116,digital
S0160,True,2024-08-14 21:14:55.203986,digital
S0161,True,2025-05-24 02:06:14.576272,email
S0162,False,2024-05-02 20:37:55.692844,email
S0163,True,2024-09-15 18:35:22.149727,email
S0164,True,2025-01-28 00:19:05.115096,email
S0165,False,2024-01-17 10:05:53.045313,form
S0166,False,2024-01-03 13:55:59.764043,form
S0167,True,2023-11-30 22:03:12.331914,email
S0168,True,2024-12-14 05:35:53.892120,form
S0169,False,2025-01-11 06:43:24.288080,form
S0170,True,2023-07-12 02:50:45.412967,email
S0171,False,2024-04-18 22:18:11.999266,form
S0172,False,2024-03-27 19:16:22.796660,digital
S0173,True,2024-07-22 14:56:30.635287,form
S0174,True,2025-05-04 19:47:18.523741,digital
S0175,True,2025-03-27 10:59:00.551789,email
S0176,False,2023-09-19 17:56:47.347658,form
S0177,False,2024-11-15 19:40:43.417177,form
S0178,False,2025-04-15 12:39:53.296615,email
S0179,False,2023-12-12 07:22:56.705465,email
S0180,False,2024-11-20 00:31:09.303331,email
S0181,True,2025-05-21 03:00:18.550792,digital
S0182,True,2023-09-18 03:40:54.179830,digital
S0183,True,2024-06-11 14:58:00.205779,email
S0184,False,2025-04-21 17:43:06.608860,email
S0185,False,2024-08-24 15:37:21.197144,email
S0186,True,2024-12-17 07:11:36.251873,digital
S0187,True,2023-10-04 06:18:31.536196,email
S0188,True,2024-07-09 20:15:27.592668,email
S0189,True,2024-07-25 05:39:47.775491,email
S0190,False,2023-12-13 19:32:34.823744,digital
S0191,True,2023-09-27 20:11:15.941561,form
S0192,False,2025-04-20 18:22:17.057792,form
S0193,True,2024-07-02 21:02:02.785707,form
S0194,False,2024-09-12 19:37:59.287905,form
S0195,False,2025-04-03 12:58:25.893725,form
S0196,True,2023-12-20 21:29:56.140713,form
S0197,True,2024-08-03 21:59:23.216186,email
S0198,False,2024-03-01 04:52:38.058896,form
S0199,True,2024-07-24 04:05:11.277791,form
S0200,True,2024-01-03 03:55:56.758142,form
S0201,True,2024-02-25 01:31:25.537157,digital
S0202,True,2023-10-04 23:10:14.621145,form
S0203,True,2023-11-04 17:46:31.937407,digital
S0204,True,2024-05-04 22:19:23.854915,form
S0205,False,2025-03-09 13:48:59.797468,form
S0206,False,2023-11-24 10:57:24.116320,form
S0207,False,2025-02-02 23:15:41.796396,email
S0208,True,2023-12-05 13:33:59.166679,digital
S0209,False,2024-10-04 06:08:52.836104,digital
S0210,True,2024-07-09 20:16:07.547355,email
S0211,True,2024-09-25 22:07:29.796986,digital
S0212,False,2023-08-18 16:05:50.460065,digital
S0213,True,2024-12-05 02:32:58.966298,digital
S0214,False,2024-07-30 20:40:18.736543,email
S0215,False,2024-12-17 09:27:07.947421,form
S0216,False,2024-02-17 14:06:57.127872,form
S0217,False,2023-10-25 18:01:28.436427,email
S0218,False,2024-01-15 07:53:08.655358,digital
S0219,False,2025-03-07 08:53:11.206738,digital
S0220,True,2023-07-19 08:58:32.098856,digital
S0221,True,2025-01-06 15:44:50.552876,email
S0222,False,2025-01-17 07:08:54.739004,digital
S0223,True,2025-01-13 19:59:28.412958,digital
S0224,True,2024-11-13 03:58:03.944265,digital
S0225,True,2025-03-18 19:25:42.935846,email
S0226,False,2024-12-06 16:35:46.921886,digital
S0227,True,2023-08-27 13:57:24.354655,email
S0228,True,2023-10-25 23:05:47.110980,form
S0229,False,2024-12-20 15:35:20.287996,email
S0230,True,2024-10-04 19:59:40.483994,form
S0231,True,2023-08-25 16:53:24.793812,form
S0232,True,2024-11-11 00:39:02.091772,email
S0233,True,2024-06-12 16:31:52.396442,digital
S0234,True,2025-02-04 19:08:48.611091,email
S0235,True,2024-05-13 03:41:57.475940,form
S0236,True,2025-04-10 18:04:03.464859,digital
S0237,False,2024-10-12 12:13:29.716929,email
S0238,True,2023-08-08 07:21:58.380513,digital
S0239,True,2024-09-30 07:25:08.196194,digital
S0240,True,2025-06-04 01:31:30.133184,email
S0241,True,2023-07-16 08:45:56.880857,digital
S0242,False,2023-10-14 21:31:01.151922,email
S0243,False,2024-03-11 14:15:38.549104,form
S0244,False,2024-03-30 08:57:54.738424,email
S0245,True,2023-09-19 14:36:58.311435,digital
S0246,False,2025-04-25 08:04:45.606267,email
S0247,True,2024-10-11 02:12:06.465978,digital
S0248,False,2024-12-28 04:42:43.970321,form
S0249,False,2024-01-04 00:01:15.101738,form
S0250,True,2023-08-28 14:37:02.382186,digital
S0251,False,2025-02-10 04:45:01.298841,digital
S0252,False,2024-09-08 00:44:50.073763,email
S0253,False,2024-08-21 12:38:04.210806,digital
S0254,True,2024-06-09 18:22:41.286137,email
S0255,True,2024-06-20 06:08:43.720846,digital
S0256,False,2025-04-22 09:51:29.942341,form
S0257,True,2023-08-22 10:42:41.563204,email
S0258,True,2023-11-02 20:27:17.784804,email
S0259,True,2025-01-05 00:17:15.474082,form
S0260,False,2024-06-27 18:18:13.148169,digital
S0261,True,2025-01-23 07:59:57.122791,digital
S0262,False,2024-02-11 22:37:07.086665,form
S0263,True,2024-06-03 23:48:35.542395,email
S0264,True,2024-07-01 22:43:43.887573,form
S0265,False,2024-06-02 20:25:56.787405,form
S0266,False,2023-07-29 17:40:58.563947,digital
S0267,True,2023-08-02 04:11:56.540404,digital
S0268,False,2024-10-23 02:14:45.842601,email
S0269,False,2025-04-04 13:01:22.270610,form
S0270,True,2024-03-29 12:48:57.065127,form
S0271,False,2024-10-04 13:29:07.767576,email
S0272,True,2023-08-31 06:34:27.637304,digital
S0273,True,2024-12-07 06:46:58.578566,digital
S0274,False,2024-01-14 10:17:15.574938,form
S0275,True,2023-10-15 00:43:53.287437,digital
S0276,True,2024-03-29 09:45:19.631481,digital
S0277,True,2023-09-25 07:05:42.315319,email
S0278,False,2024-04-24 03:45:46.954594,form
S0279,False,2025-01-30 04:37:29.911084,email
S0280,True,2024-07-05 06:18:08.660500,digital
S0281,False,2025-06-20 03:38:12.999836,form
S0282,True,2024-03-23 10:47:17.106164,email
S0283,False,2023-08-02 06:44:13.319245,digital
S0284,False,2024-02-09 00:42:56.991694,email
S0285,False,2023-10-29 20:13:08.690294,digital
S0286,True,2024-08-21 20:21:05.440509,digital
S0287,True,2024-12-11 10:43:14.277129,form
S0288,False,2024-08-04 02:39:12.676452,email
S0289,False,2023-07-26 06:03:00.775951,email
S0290,True,2024-06-04 15:29:51.823428,digital
S0291,True,2024-04-19 14:21:27.704169,digital
S0292,False,2023-12-20 02:07:43.494464,email
S0293,True,2024-09-09 07:30:05.348375,form
S0294,False,2024-09-18 03:44:35.326352,email
S0295,True,2024-05-28 12:38:34.983474,form
S0296,False,2024-03-12 20:46:11.802857,email
S0297,False,2025-06-26 01:10:38.613657,digital
S0298,True,2025-01-11 16:29:14.971959,email
S0299,True,2025-01-16 06:00:45.458284,email
S0300,True,2025-05-23 17:06:58.612100,digital
S0301,True,2025-03-13 21:27:04.736293,digital
S0302,True,2024-07-15 14:11:04.853759,form
S0303,False,2023-09-27 08:36:36.844618,digital
S0304,True,2023-08-10 20:05:55.330544,email
S0305,False,2025-02-02 07:53:53.228224,email
S0306,True,2025-05-05 11:24:34.525026,email
S0307,True,2025-03-20 12:54:00.462001,form
S0308,False,2023-12-29 03:57:44.914748,form
S0309,False,2024-07-17 14:27:59.034284,digital
S0310,True,2025-04-07 18:22:32.402026,form
S0311,False,2025-04-26 01:11:18.957965,email
S0312,True,2024-12-17 22:51:56.187644,email
S0313,True,2024-01-04 14:06:43.009772,form
S0314,True,2024-12-14 03:19:47.119048,email
S0315,False,2025-05-30 07:43:01.333591,email
S0316,False,2024-10-09 18:07:33.419376,form
S0317,True,2024-07-31 09:50:41.572805,form
S0318,True,2024-06-07 11:23:21.703262,form
S0319,True,2025-03-31 15:25:33.143849,digital
S0320,True,2023-12-26 09:20:47.380055,form
S0321,False,2023-11-16 02:19:23.158904,form
S0322,True,2024-12-03 02:32:26.662889,digital
S0323,True,2023-11-11 14:06:54.098150,email
S0324,False,2024-10-12 15:38:27.079915,email
S0325,False,2024-04-14 11:13:49.641223,form
S0326,True,2023-12-21 10:20:23.998737,digital
S0327,False,2024-10-31 02:26:18.546651,form
S0328,True,2023-10-08 20:27:21.564523,email
S0329,True,2024-04-14 17:47:09.810516,digital
S0330,False,2024-11-03 16:23:59.751029,form
S0331,True,2024-12-08 19:25:50.000645,email
S0332,False,2024-07-12 14:20:04.984129,email
S0333,True,2024-10-10 18:49:18.535935,email
S0334,True,2024-10-26 16:53:03.431711,form
S0335,False,2024-02-07 02:36:42.766374,digital
S0336,False,2024-01-30 20:52:36.457552,email
S0337,False,2023-07-12 14:47:45.550696,digital
S0338,True,2025-03-30 21:45:22.738608,email
S0339,True,2024-12-31 01:57:49.896175,form
S0340,True,2023-09-30 19:46:28.065359,email
S0341,True,2024-12-06 01:51:37.083982,email
S0342,False,2025-03-05 18:33:28.296329,digital
S0343,False,2024-05-07 05:52:08.476341,email
S0344,False,2023-09-11 12:38:08.751471,form
S0345,True,2025-05-29 07:33:06.023618,email
S0346,False,2023-12-28 11:02:28.355069,digital
S0347,False,2024-05-29 22:40:58.035557,digital
S0348,False,2023-07-27 06:38:40.383506,email
S0349,False,2024-04-07 12:14:57.747250,email
S0350,True,2025-05-18 02:57:16.752004,form
S0351,True,2024-09-30 21:12:13.962736,form
S0352,False,2023-10-19 22:25:39.578052,form
S0353,True,2025-05-18 15:01:53.824352,email
S0354,False,2024-03-26 10:38:37.893119,form
S0355,True,2024-01-25 18:35:50.504966,email
S0356,True,2025-03-26 12:55:56.670849,digital
S0357,False,2023-11-10 18:55:10.153874,form
S0358,False,2025-01-23 14:07:13.693225,form
S0359,False,2024-12-05 06:07:52.277478,digital
S0360,False,2024-03-23 01:41:41.283435,form
S0361,True,2024-07-28 11:34:13.805359,digital
S0362,False,2023-11-11 01:20:23.886623,email
S0363,True,2023-11-14 12:01:53.978008,form
S0364,False,2025-03-20 16:41:57.404415,email
S0365,True,2024-12-11 04:31:30.223685,email
S0366,False,2024-10-27 22:25:55.251388,digital
S0367,True,2024-06-04 16:35:56.972201,form
S0368,True,2024-02-07 06:41:40.339745,email
S0369,False,2025-01-26 02:20:13.024788,email
S0370,False,2025-03-18 22:54:24.499988,form
S0371,True,2024-07-06 05:03:03.020223,digital
S0372,False,2025-05-28 17:29:32.148131,digital
S0373,False,2024-07-18 21:39:26.855525,email
S0374,True,2025-04-26 19:24:46.851257,digital
S0375,False,2023-07-13 22:02:52.569822,form
S0376,False,2023-12-09 11:30:37.566952,digital
S0377,False,2023-09-15 02:03:16.061516,digital
S0378,False,2023-12-20 20:35:55.779968,email
S0379,False,2024-11-17 22:19:09.721975,email
S0380,False,2024-07-10 10:09:03.349538,form
S0381,True,2025-02-23 02:10:39.001725,email
S0382,True,2024-01-14 16:29:30.091378,digital
S0383,False,2024-12-08 10:45:12.394936,form
S0384,False,2023-10-03 13:24:11.482220,form
S0385,True,2024-09-15 03:37:33.779049,form
S0386,False,2024-11-17 18:32:22.881898,form
S0387,False,2024-10-31 14:19:29.011913,email
S0388,True,2024-03-01 19:12:04.882542,form
S0389,False,2024-01-25 02:32:37.495873,form
S0390,False,2024-10-06 07:47:43.775993,digital
S0391,True,2025-06-21 22:44:16.646449,email
S0392,False,2024-01-26 07:59:51.782042,email
S0393,False,2023-11-23 23:22:37.943675,form
S0394,False,2023-12-02 08:52:38.669857,form
S0395,False,2025-06-04 20:36:11.825636,form
S0396,False,2025-02-18 08:36:25.610909,form
S0397,True,2023-11-16 10:36:37.710814,email
S0398,False,2024-07-15 21:02:04.795125,digital
S0399,True,2024-08-29 08:51:44.889401,digital
S0400,True,2025-04-02 20:28:50.936759,form
S0401,False,2023-09-24 17:44:15.524252,email
S0402,False,2024-12-10 14:34:57.752345,form
S0403,True,2025-02-05 18:29:37.900832,digital
S0404,True,2025-02-05 05:13:20.899479,email
S0405,False,2023-09-01 06:34:34.524548,email
S0406,True,2024-11-28 01:59:46.862432,form
S0407,True,2024-05-24 16:04:52.079942,email
S0408,True,2024-06-02 05:18:25.187935,email
S0409,True,2025-03-30 06:51:42.825597,form
S0410,True,2023-09-25 21:45:34.937939,digital
S0411,True,2023-08-01 19:02:00.173899,form
S0412,False,2025-06-09 03:18:33.577963,digital
S0413,True,2023-12-20 14:30:50.979757,email
S0414,False,2023-09-02 06:26:15.819835,digital
S0415,False,2024-11-04 07:49:34.575941,form
S0416,True,2024-06-21 07:25:25.697164,digital
S0417,False,2023-10-03 21:20:49.083596,form
S0418,False,2024-10-09 22:31:22.907979,email
S0419,False,2025-06-26 13:29:39.239177,digital
S0420,True,2023-07-26 03:09:36.543522,digital
S0421,True,2024-04-19 12:52:04.542055,form
S0422,True,2023-07-22 21:04:49.642050,form
S0423,True,2023-08-22 14:51:43.093920,digital
S0424,False,2023-08-27 18:00:54.743288,form
S0425,True,2024-12-26 09:06:47.259020,form
S0426,True,2025-01-03 15:24:53.226145,digital
S0427,False,2024-06-24 07:02:45.918671,digital
S0428,True,2025-05-29 23:48:32.768491,email
S0429,True,2025-06-20 16:51:46.844064,digital
S0430,True,2023-09-05 02:37:10.736436,digital
S0431,False,2025-05-29 06:57:38.093231,form
S0432,True,2025-03-15 12:24:29.779227,digital
S0433,False,2025-01-16 11:15:50.626654,digital
S0434,False,2024-12-04 15:26:19.729070,email
S0435,False,2024-07-14 14:33:24.917972,digital
S0436,False,2023-07-03 14:40:38.837534,digital
S0437,False,2025-04-23 07:54:02.730486,email
S0438,True,2023-11-26 22:37:10.900838,email
S0439,False,2023-07-16 21:31:43.381285,digital
S0440,False,2025-02-08 16:18:27.923034,email
S0441,False,2024-08-28 14:46:57.627790,email
S0442,True,2024-02-26 21:34:25.747732,form
S0443,False,2024-04-25 15:42:27.732715,form
S0444,False,2024-08-02 01:30:52.529293,email
S0445,True,2025-02-28 08:04:24.419655,digital
S0446,False,2024-07-14 03:57:43.474469,form
S0447,False,2023-07-07 01:44:46.285746,email
S0448,True,2024-11-11 08:22:10.540268,email
S0449,False,2024-02-26 08:39:41.288566,form
S0450,True,2024-10-04 16:23:14.141593,email
S0451,False,2024-06-24 19:03:34.805014,digital
S0452,False,2024-12-11 04:47:08.458986,digital
S0453,False,2025-02-17 16:53:15.362843,email
S0454,True,2024-09-04 21:46:45.326345,email
S0455,True,2025-05-29 00:26:59.954307,digital
S0456,True,2025-04-20 17:14:31.603353,form
S0457,True,2025-04-27 02:23:05.054533,digital
S0458,False,2025-04-01 23:27:39.279504,email
S0459,True,2024-11-05 07:16:47.091864,email
S0460,True,2024-04-08 15:54:07.780541,email
S0461,True,2024-09-14 21:26:39.090062,email
S0462,False,2024-03-06 01:59:54.698255,digital
S0463,False,2025-04-04 14:37:16.411468,form
S0464,False,2023-08-22 04:32:29.759527,email
S0465,False,2024-09-10 11:21:25.717155,form
S0466,False,2025-02-07 02:12:06.242422,digital
S0467,True,2025-03-24 14:54:21.715181,form
S0468,True,2024-10-06 11:25:40.323631,digital
S0469,False,2024-08-20 12:50:51.551130,digital
S0470,False,2023-09-15 00:08:33.826162,form
S0471,True,2024-01-26 23:12:06.311661,form
S0472,False,2023-12-13 11:38:15.723268,email
S0473,False,2024-07-18 13:28:49.378137,email
S0474,True,2024-03-04 00:10:08.571072,email
S0475,False,2023-07-16 18:08:35.244694,form
S0476,False,2023-10-07 05:45:31.127662,digital
S0477,False,2025-06-24 17:28:41.012093,form
S0478,False,2023-11-16 17:13:12.081601,digital
S0479,True,2025-02-11 18:58:42.960867,email
S0480,False,2023-10-20 16:03:57.633498,digital
S0481,True,2023-12-01 23:16:20.816220,digital
S0482,False,2024-09-09 05:04:59.778514,email
S0483,False,2023-10-13 12:19:51.696346,digital
S0484,False,2023-12-19 21:47:24.757586,email
S0485,True,2024-01-14 09:14:30.805845,email
S0486,False,2024-02-29 04:01:49.065055,form
S0487,False,2023-08-22 13:10:44.688663,digital
S0488,False,2023-12-30 20:50:58.865907,email
S0489,True,2023-07-24 03:19:45.487528,form
S0490,False,2024-12-23 10:31:04.371656,email
S0491,True,2024-12-12 06:29:17.897343,digital
S0492,True,2023-09-30 11:44:46.736771,form
S0493,False,2024-07-23 02:27:54.946336,form
S0494,True,2025-05-14 15:03:51.073584,digital
S0495,True,2023-07-28 19:00:54.139047,digital
S0496,False,2024-03-21 10:55:16.339548,digital
S0497,True,2023-07-13 00:20:51.988368,digital
S0498,False,2025-01-26 01:15:26.114129,email
S0499,True,2023-12-18 02:04:16.712499,form
S0500,True,2025-05-10 22:05:05.571467,form
S0501,False,2024-05-05 14:57:26.934983,digital
S0502,False,2025-06-02 08:13:28.501840,digital
S0503,False,2024-12-21 18:55:20.680250,form
S0504,True,2024-07-10 20:32:08.447299,digital
S0505,False,2023-09-05 14:29:52.532626,email
S0506,False,2024-12-23 16:15:17.559434,form
S0507,False,2024-05-04 01:12:09.826348,form
S0508,False,2025-03-06 20:48:32.464300,digital
S0509,False,2025-05-13 07:06:46.349674,email
S0510,False,2025-05-16 22:49:06.525006,digital
S0511,False,2025-03-27 12:48:46.343344,email
S0512,True,2023-08-06 22:45:19.661042,email
S0513,False,2025-04-03 22:01:32.562443,email
S0514,True,2024-03-17 10:15:17.265972,digital
S0515,True,2024-04-13 02:17:57.388061,email
S0516,False,2024-09-13 04:51:17.453710,digital
S0517,True,2025-02-14 03:31:59.854146,digital
S0518,True,2025-01-04 15:39:13.955629,form
S0519,True,2024-04-04 15:52:37.088115,digital
S0520,True,2024-11-08 19:12:32.902652,email
S0521,True,2023-08-19 13:54:34.925785,digital
S0522,True,2025-05-14 08:46:45.859495,email
S0523,True,2023-11-29 23:22:25.089268,digital
S0524,True,2025-05-23 11:31:41.257657,digital
S0525,True,2025-01-08 04:49:47.636929,email
S0526,True,2023-12-30 01:12:25.829430,digital
S0527,False,2024-03-02 05:47:50.252838,digital
S0528,True,2023-08-04 12:16:51.977365,form
S0529,True,2024-05-06 10:39:41.468332,form
S0530,False,2024-08-02 11:10:25.272056,email
S0531,False,2024-05-11 03:41:15.137025,form
S0532,False,2023-09-14 22:41:49.743190,digital
S0533,True,2024-09-27 01:05:33.617999,digital
S0534,True,2024-06-15 23:15:09.224429,digital
S0535,True,2025-01-04 21:11:24.990520,email
S0536,False,2024-10-10 00:40:26.961169,digital
S0537,True,2023-10-09 15:39:00.712193,email
S0538,True,2023-11-28 12:24:04.175918,form
S0539,False,2024-07-14 14:52:24.731946,form
S0540,False,2024-01-06 04:14:49.438607,email
S0541,False,2024-12-26 02:28:01.549295,form
S0542,True,2023-07-26 22:58:58.592884,digital
S0543,True,2023-12-21 08:06:43.791709,email
S0544,True,2025-04-12 06:17:28.213130,email
S0545,True,2023-07-01 02:40:05.686041,email
S0546,False,2024-07-17 01:02:19.118250,form
S0547,True,2024-05-19 07:51:26.595730,email
S0548,True,2023-11-16 06:03:25.194456,form
S0549,False,2024-01-31 11:50:25.803442,form
S0550,False,2024-06-09 20:16:51.896746,email
S0551,False,2024-10-26 19:07:30.817736,digital
S0552,True,2024-08-02 11:07:04.743146,form
S0553,False,2025-04-10 08:05:05.508370,form
S0554,True,2023-10-05 04:41:55.582463,digital
S0555,False,2023-07-31 04:17:34.817045,form
S0556,False,2023-12-15 05:40:38.601635,digital
S0557,True,2024-03-26 21:49:21.691908,digital
S0558,False,2024-12-07 06:02:54.749991,digital
S0559,False,2023-08-05 11:55:05.766159,form
S0560,False,2024-10-26 17:42:15.849223,digital
S0561,True,2024-05-22 07:48:16.457877,form
S0562,False,2024-11-15 10:01:42.625160,email
S0563,True,2024-09-11 22:15:22.658863,form
S0564,False,2023-08-01 04:19:23.538829,form
S0565,False,2024-03-22 11:35:08.069375,form
S0566,False,2024-08-12 19:36:07.712495,digital
S0567,False,2024-11-25 08:06:26.537639,digital
S0568,False,2025-02-03 06:33:46.589850,form
S0569,False,2024-01-22 05:36:49.427993,form
S0570,True,2023-11-07 06:34:27.958375,form
S0571,True,2023-07-09 00:15:31.893513,form
S0572,False,2025-06-23 13:57:52.773777,digital
S0573,False,2025-06-21 01:08:25.383475,form
S0574,True,2024-08-26 06:50:11.474374,email
S0575,False,2023-10-26 10:58:01.629245,form
S0576,False,2024-12-30 21:23:33.600733,form
S0577,False,2024-11-24 07:48:57.729613,email
S0578,True,2024-09-25 03:27:47.044499,email
S0579,False,2024-09-26 17:48:09.298650,digital
S0580,False,2025-01-07 11:53:30.962136,form
S0581,True,2024-08-18 20:17:53.441313,digital
S0582,False,2024-03-28 01:15:59.438056,form
S0583,True,2025-01-17 15:24:29.685904,digital
S0584,False,2024-01-30 00:16:34.602194,form
S0585,False,2024-08-04 05:22:30.866732,digital
S0586,False,2024-09-11 04:20:20.434321,email
S0587,False,2024-09-08 00:05:16.849429,email
S0588,False,2024-12-11 13:29:55.469659,digital
S0589,True,2024-11-03 22:59:46.216393,email
S0590,True,2025-06-13 06:16:59.965699,form
S0591,True,2024-05-25 17:38:53.207346,digital
S0592,True,2025-04-06 23:54:15.937253,email
S0593,False,2024-01-29 09:07:34.890603,digital
S0594,False,2024-07-22 11:43:52.482329,digital
S0595,True,2024-03-20 23:25:47.184171,email
S0596,False,2024-04-03 01:33:56.385708,form
S0597,False,2025-05-22 20:35:57.215471,form
S0598,False,2023-12-25 19:04:00.032648,digital
S0599,True,2024-02-23 19:20:00.820439,form
S0600,True,2023-09-10 16:29:37.087481,digital
S0601,False,2023-07-13 00:41:00.952176,form
S0602,True,2024-06-27 01:10:28.928253,digital
S0603,False,2024-02-08 15:22:12.713307,digital
S0604,True,2024-09-21 11:56:47.765346,digital
S0605,False,2025-06-08 14:23:49.572371,email
S0606,False,2023-11-16 12:45:02.050731,email
S0607,False,2023-11-02 09:54:47.271336,digital
S0608,False,2023-11-13 13:18:18.380736,email
S0609,False,2023-11-09 14:15:51.800986,digital
S0610,False,2025-01-17 12:11:14.305451,email
S0611,False,2025-02-15 00:27:15.669898,form
S0612,False,2024-01-28 13:33:49.011475,digital
S0613,False,2023-10-08 16:47:47.581976,digital
S0614,False,2025-06-04 09:42:04.693787,email
S0615,False,2024-04-17 18:10:58.697451,email
S0616,True,2024-08-09 10:43:44.212392,email
S0617,True,2025-05-12 08:02:17.519898,form
S0618,True,2024-04-20 09:25:04.624101,form
S0619,False,2024-11-19 14:08:26.778894,email
S0620,True,2025-06-19 16:19:51.709090,form
S0621,True,2024-06-06 23:44:40.358081,form
S0622,True,2024-04-13 05:09:54.633712,digital
S0623,True,2023-09-21 11:28:52.503020,digital
S0624,False,2025-01-05 10:09:25.795048,digital
S0625,False,2025-06-06 18:22:19.770718,email
S0626,False,2023-07-19 18:47:49.129971,form
S0627,True,2024-05-15 08:28:26.909106,email
S0628,True,2024-12-25 19:41:10.043598,email
S0629,False,2024-02-08 13:45:55.439155,digital
S0630,True,2025-05-16 08:30:17.937909,form
S0631,False,2024-12-07 15:35:04.556997,email
S0632,True,2024-07-11 08:00:37.818246,form
S0633,False,2023-12-05 11:37:46.861274,form
S0634,True,2024-10-29 00:25:01.128039,digital
S0635,True,2024-09-09 12:43:06.909456,form
S0636,False,2024-03-17 18:39:47.633216,form
S0637,True,2023-12-22 16:45:00.943580,form
S0638,True,2025-05-21 11:49:07.767438,digital
S0639,False,2023-10-06 16:14:56.394899,digital
S0640,True,2025-04-12 18:39:19.908068,form
S0641,False,2024-12-31 11:18:13.977351,digital
S0642,True,2025-02-27 03:34:33.065786,digital
S0643,True,2025-06-13 01:02:24.114793,email
S0644,False,2025-02-21 08:03:58.562665,form
S0645,False,2025-04-12 21:53:58.018242,digital
S0646,False,2025-05-28 18:20:54.327454,form
S0647,False,2025-04-05 15:08:38.053794,digital
S0648,False,2023-09-21 13:02:05.218911,digital
S0649,True,2023-10-09 13:12:15.279744,digital
S0650,True,2024-11-16 06:38:36.309444,email
S0651,False,2024-09-15 02:04:45.574853,digital
S0652,False,2024-03-02 19:56:00.488648,form
S0653,True,2024-08-01 16:57:18.073648,digital
S0654,True,2025-03-08 15:29:38.532363,digital
S0655,False,2023-10-13 01:06:42.214781,form
S0656,False,2024-08-31 20:18:15.931979,form
S0657,True,2024-03-15 12:40:27.997567,digital
S0658,True,2024-11-02 16:45:08.878112,email
S0659,True,2024-05-09 14:57:39.574365,email
S0660,True,2024-01-07 19:47:21.271674,form
S0661,False,2025-01-19 21:26:35.213836,digital
S0662,True,2024-04-01 20:22:35.489356,form
S0663,True,2024-03-29 19:50:05.922343,digital
S0664,True,2024-04-19 17:44:31.143956,email
S0665,False,2023-08-19 16:05:48.303916,email
S0666,True,2025-02-22 05:07:23.354706,form
S0667,False,2023-07-08 09:31:44.698343,email
S0668,False,2024-06-13 12:40:42.324466,digital
S0669,False,2024-05-03 15:20:48.619551,form
S0670,False,2024-10-30 09:06:51.564715,form
S0671,False,2024-11-09 08:35:06.742020,digital
S0672,False,2023-10-11 22:22:46.111739,form
S0673,True,2023-11-13 11:44:33.794069,email
S0674,True,2024-07-17 13:13:07.467202,email
S0675,True,2024-08-17 23:06:57.105384,digital
S0676,True,2025-06-12 16:55:50.531228,email
S0677,False,2024-12-26 15:45:48.890595,digital
S0678,True,2023-12-28 12:27:16.153096,form
S0679,True,2023-11-14 18:29:53.198307,digital
S0680,True,2024-01-08 13:28:12.020035,email
S0681,True,2024-07-27 00:29:15.819539,email
S0682,True,2023-12-20 05:49:36.786560,digital
S0683,True,2025-01-29 03:47:25.406148,digital
S0684,True,2024-02-09 11:31:16.007502,form
S0685,False,2024-07-03 07:49:14.739570,digital
S0686,False,2024-09-26 19:11:04.107974,digital
S0687,False,2023-07-27 02:50:38.528276,digital
S0688,False,2023-07-19 00:06:15.727355,email
S0689,True,2025-05-28 04:21:30.013662,email
S0690,True,2024-06-10 23:06:43.612633,form
S0691,False,2023-12-07 22:08:17.732731,email
S0692,False,2023-07-02 05:55:04.017953,digital
S0693,False,2025-03-11 00:13:35.214636,email
S0694,True,2024-05-09 16:45:33.229984,digital
S0695,True,2024-04-07 20:49:13.250571,digital
S0696,False,2025-04-04 03:13:22.711396,email
S0697,True,2023-08-12 05:17:21.627823,digital
S0698,False,2023-08-06 18:36:30.075234,email
S0699,True,2025-02-25 11:56:15.125019,digital
S0700,True,2025-01-05 00:43:52.428169,form
S0701,True,2024-06-29 13:51:01.249477,form
S0702,False,2023-08-21 07:35:16.443038,digital
S0703,True,2024-10-27 16:18:28.004499,email
S0704,True,2025-02-11 07:53:13.157521,digital
S0705,True,2024-02-27 02:00:01.931673,email
S0706,True,2025-06-04 16:24:26.590187,form
S0707,False,2025-03-12 15:31:56.260920,form
S0708,False,2023-08-01 11:46:19.665592,form
S0709,False,2023-08-14 20:42:32.612279,digital
S0710,True,2024-07-17 01:04:56.679284,email
S0711,False,2024-09-16 14:12:17.742522,email
S0712,False,2024-01-17 11:21:17.506914,digital
S0713,False,2024-01-27 13:04:14.795989,form
S0714,False,2024-09-12 13:11:11.706273,email
S0715,False,2025-03-15 02:54:45.007999,email
S0716,False,2024-02-17 06:13:59.375354,email
S0717,True,2024-05-23 11:54:28.152276,digital
S0718,True,2025-01-12 15:03:55.305040,digital
S0719,False,2025-03-18 19:39:05.066985,form
S0720,False,2024-07-12 15:48:41.720883,digital
S0721,False,2025-03-25 08:25:15.622188,digital
S0722,True,2025-05-21 00:34:11.820820,form
S0723,True,2024-10-08 12:14:55.010483,form
S0724,True,2024-09-27 11:36:02.982021,digital
S0725,True,2023-08-03 05:33:00.451290,digital
S0726,False,2024-03-22 13:39:30.288033,digital
S0727,True,2024-10-05 04:07:25.229220,form
S0728,True,2024-01-10 19:22:11.198428,email
S0729,False,2025-04-11 19:02:07.822739,email
S0730,False,2024-05-14 08:59:08.034549,digital
S0731,False,2024-09-06 22:13:45.740464,digital
S0732,True,2024-04-07 21:57:34.734058,digital
S0733,False,2023-08-08 23:44:52.963867,digital
S0734,False,2025-05-16 06:44:30.019417,email
S0735,True,2025-04-04 06:45:34.595947,digital
S0736,False,2024-12-08 19:59:04.363856,form
S0737,False,2025-01-04 19:41:20.755874,email
S0738,False,2024-04-23 04:30:39.789336,digital
S0739,False,2023-09-30 11:19:52.845711,form
S0740,False,2023-10-05 16:55:58.423392,digital
S0741,True,2023-07-11 16:56:10.019746,digital
S0742,True,2025-01-30 21:34:32.305848,digital
S0743,False,2024-12-23 07:50:29.795139,form
S0744,False,2024-06-20 22:53:12.512437,digital
S0745,False,2024-09-26 07:45:39.462996,digital
S0746,False,2024-06-07 20:06:45.877368,digital
S0747,False,2024-04-03 08:07:42.387214,email
S0748,True,2023-08-01 07:53:49.309784,form
S0749,False,2023-10-23 01:48:34.802145,email
S0750,True,2024-11-19 07:10:33.965582,form
S0751,False,2024-09-09 02:09:58.350810,digital
S0752,False,2025-01-09 07:27:05.415555,email
S0753,False,2024-01-06 00:05:19.946939,form
S0754,True,2024-04-12 16:37:56.011710,email
S0755,False,2024-07-14 05:55:13.075348,email
S0756,True,2024-07-21 05:25:36.060010,digital
S0757,False,2023-08-15 13:06:45.568383,form
S0758,False,2023-11-17 03:04:59.783990,form
S0759,True,2023-11-22 12:46:47.843910,form
S0760,True,2023-12-14 01:01:28.716753,email
S0761,False,2025-05-12 03:00:02.118601,form
S0762,False,2025-05-24 12:11:13.892849,form
S0763,False,2024-02-12 00:08:07.410622,email
S0764,True,2024-11-30 17:20:39.667887,form
S0765,True,2023-10-30 13:58:31.755798,email
S0766,False,2024-03-05 07:33:54.043763,digital
S0767,True,2025-05-29 11:46:08.697484,digital
S0768,False,2023-09-14 21:38:18.033963,digital
S0769,False,2024-07-29 08:53:32.712454,digital
S0770,False,2023-08-24 07:21:48.642357,digital
S0771,True,2023-07-05 06:17:19.607265,email
S0772,True,2025-03-09 01:33:10.258686,email
S0773,True,2025-04-14 06:33:47.320746,form
S0774,True,2023-10-25 11:40:56.319632,email
S0775,False,2023-09-09 17:55:23.245851,email
S0776,True,2024-09-09 21:57:32.182455,email
S0777,False,2023-06-27 19:52:17.561176,digital
S0778,True,2023-09-17 18:07:45.952507,form
S0779,True,2024-12-26 14:17:21.053543,form
S0780,True,2023-12-18 07:45:26.068379,digital
S0781,False,2024-07-06 10:33:38.536760,digital
S0782,True,2024-10-28 15:24:40.819988,form
S0783,True,2023-10-02 04:08:09.033047,form
S0784,False,2024-06-23 14:56:47.842701,email
S0785,False,2024-08-19 08:55:39.783287,email
S0786,False,2024-03-05 11:29:37.898539,email
S0787,False,2023-09-24 01:40:30.527680,form
S0788,False,2023-12-03 22:02:55.056245,digital
S0789,False,2023-08-20 18:57:10.341233,email
S0790,True,2024-10-27 08:36:46.802250,email
S0791,False,2024-01-30 05:49:29.341725,form
S0792,True,2024-01-06 18:32:45.878812,digital
S0793,False,2023-08-02 10:00:11.169599,email
S0794,True,2025-05-29 15:41:22.131644,email
S0795,True,2025-03-20 00:44:40.759156,digital
S0796,True,2024-02-18 10:48:26.856531,digital
S0797,False,2023-10-08 09:03:48.947838,digital
S0798,False,2024-04-11 10:59:51.352083,form
S0799,False,2024-07-04 05:30:49.353440,form
S0800,False,2025-06-07 07:16:32.075181,email
S0801,True,2023-09-04 12:44:33.273338,digital
S0802,False,2024-01-14 15:45:56.519865,email
S0803,False,2025-06-23 06:20:39.250129,email
S0804,False,2023-12-17 06:03:55.018292,email
S0805,True,2023-11-24 03:46:04.212216,form
S0806,False,2023-12-27 04:49:01.252664,digital
S0807,False,2023-09-09 17:12:08.185752,form
S0808,False,2024-06-05 02:31:17.750385,form
S0809,False,2023-09-14 14:05:16.959401,email
S0810,False,2023-10-09 01:13:46.761552,digital
S0811,False,2024-05-30 20:25:05.990380,digital
S0812,False,2025-01-25 06:03:14.090987,email
S0813,True,2024-10-26 22:05:52.640270,email
S0814,True,2023-10-29 21:39:57.511412,email
S0815,False,2023-11-10 19:57:28.814301,form
S0816,True,2023-07-07 17:24:26.910735,email
S0817,False,2023-10-23 10:39:55.156348,form
S0818,True,2023-09-02 21:20:12.950335,digital
S0819,False,2024-06-20 13:47:30.807420,email
S0820,False,2025-02-15 22:42:20.805335,digital
S0821,False,2024-07-23 04:54:05.441085,form
S0822,False,2023-11-07 17:20:17.976088,digital
S0823,True,2024-09-28 10:10:50.132030,digital
S0824,False,2024-01-04 05:10:49.435483,email
S0825,True,2025-05-07 06:18:29.462471,email
S0826,True,2024-04-29 04:38:54.934453,form
S0827,False,2024-08-18 16:52:16.781359,digital
S0828,True,2024-03-01 22:51:27.004254,email
S0829,False,2025-02-22 14:27:44.602341,email
S0830,True,2025-01-20 11:21:28.174316,form
S0831,False,2024-11-10 04:00:47.040556,email
S0832,True,2024-05-12 09:19:31.091279,digital
S0833,True,2025-01-01 02:29:25.694080,form
S0834,False,2025-03-21 12:15:20.500919,email
S0835,True,2023-12-13 16:32:02.594803,digital
S0836,True,2025-02-17 08:10:40.555922,digital
S0837,False,2023-12-22 00:24:13.748415,form
S0838,False,2023-09-19 11:35:56.917574,digital
S0839,False,2024-07-07 21:43:36.842574,form
S0840,False,2024-07-28 12:18:58.829359,form
S0841,True,2025-06-23 23:38:02.575448,digital
S0842,False,2024-04-20 20:02:35.368069,email
S0843,False,2024-02-29 17:38:42.198867,form
S0844,False,2024-08-18 15:12:57.156862,digital
S0845,False,2024-05-20 22:39:32.860541,digital
S0846,True,2024-12-18 03:45:40.962046,digital
S0847,True,2024-06-21 11:43:10.484753,email
S0848,True,2024-11-21 21:13:12.597882,email
S0849,False,2024-07-29 07:21:58.423850,digital
S0850,True,2024-10-04 13:10:26.775468,form
S0851,True,2024-04-16 17:05:57.278137,form
S0852,False,2025-05-04 17:17:46.921820,form
S0853,True,2023-09-22 09:53:30.207260,form
S0854,True,2024-06-10 21:25:39.946309,email
S0855,False,2023-08-11 02:42:40.419223,digital
S0856,True,2025-03-17 08:41:07.864934,form
S0857,False,2024-06-24 03:30:17.212979,form
S0858,True,2025-04-15 03:34:33.778092,email
S0859,True,2024-07-10 01:55:09.611087,digital
S0860,False,2025-02-06 10:17:02.369990,email
S0861,True,2025-03-16 18:36:29.011745,email
S0862,False,2023-07-08 18:47:54.620427,email
S0863,False,2025-01-05 23:12:28.360726,digital
S0864,False,2024-03-28 05:37:44.092035,email
S0865,False,2023-10-10 09:46:19.978580,digital
S0866,True,2024-10-20 19:25:57.013958,email
S0867,True,2023-10-30 08:34:18.717356,email
S0868,False,2023-12-08 01:10:49.731640,digital
S0869,True,2024-03-08 15:33:21.498995,email
S0870,True,2024-10-31 17:55:23.184782,digital
S0871,True,2023-08-29 10:45:20.141979,digital
S0872,True,2024-04-09 19:52:16.355826,email
S0873,False,2025-03-26 12:38:51.385080,form
S0874,True,2024-03-20 20:58:31.729516,digital
S0875,False,2025-01-15 06:44:39.597108,digital
S0876,True,2024-07-25 06:31:29.949232,digital
S0877,True,2024-05-19 05:16:05.730569,digital
S0878,False,2023-09-12 02:48:06.060529,digital
S0879,False,2024-01-06 23:58:46.971967,form
S0880,False,2024-08-16 10:44:02.825734,digital
S0881,False,2024-12-13 13:23:09.764624,email
S0882,True,2024-07-13 09:51:52.230883,digital
S0883,False,2025-01-10 00:34:51.716253,form
S0884,False,2023-11-01 17:58:41.402972,email
S0885,True,2025-06-13 14:27:29.302688,email
S0886,True,2023-10-06 20:07:26.142590,form
S0887,False,2024-08-15 07:18:05.285674,email
S0888,False,2025-06-04 06:18:31.840652,digital
S0889,False,2024-12-29 23:22:42.106753,digital
S0890,False,2025-05-25 00:25:24.808111,digital
S0891,False,2024-08-07 18:00:52.720926,form
S0892,False,2024-07-21 18:06:37.238577,email
S0893,False,2024-11-06 13:48:23.159743,email
S0894,True,2023-12-16 07:28:44.369830,form
S0895,False,2024-09-24 21:31:38.604623,email
S0896,False,2024-07-27 07:19:01.965938,digital
S0897,True,2025-01-19 17:02:01.119818,email
S0898,True,2025-03-22 14:26:59.506751,digital
S0899,False,2025-05-23 16:47:28.778188,form
S0900,False,2023-09-28 04:01:28.757905,form
S0901,False,2025-04-28 11:56:17.329092,email
S0902,False,2025-03-10 00:49:00.147763,email
S0903,True,2025-01-30 16:38:00.580174,digital
S0904,False,2025-05-22 11:13:01.407784,digital
S0905,False,2024-11-13 19:55:00.074620,digital
S0906,True,2023-12-12 08:27:21.977464,digital
S0907,True,2025-03-03 09:07:46.567659,digital
S0908,False,2024-05-08 21:31:20.457117,email
S0909,False,2024-12-03 20:12:16.059702,digital
S0910,True,2024-12-02 01:27:52.898261,form
S0911,False,2023-12-27 16:07:52.596705,form
S0912,True,2025-06-04 08:55:20.635416,email
S0913,True,2024-10-13 02:39:08.139532,email
S0914,False,2024-01-31 06:31:43.181627,form
S0915,True,2024-09-11 20:46:34.232114,email
S0916,True,2025-03-06 13:46:16.230746,digital
S0917,True,2024-09-14 21:13:20.504503,email
S0918,False,2024-08-04 20:08:31.059929,digital
S0919,False,2023-08-14 17:06:43.961363,digital
S0920,True,2023-08-27 20:37:28.269757,form
S0921,False,2024-03-06 19:17:55.196541,digital
S0922,True,2024-09-26 19:36:54.296777,email
S0923,True,2024-07-02 05:35:14.840856,email
S0924,False,2025-05-30 12:35:23.316767,digital
S0925,False,2024-12-27 04:57:28.809378,form
S0926,False,2023-07-23 15:20:54.396821,digital
S0927,True,2024-10-17 19:56:41.198354,email
S0928,True,2023-09-02 10:46:06.233310,form
S0929,True,2025-05-02 04:42:23.307578,digital
S0930,False,2023-12-16 08:33:40.931032,email
S0931,False,2024-07-28 20:19:51.193413,form
S0932,True,2024-05-19 10:28:20.457296,form
S0933,False,2024-06-10 08:48:29.654315,digital
S0934,False,2024-07-25 09:57:13.436150,form
S0935,False,2025-06-06 14:17:15.975553,form
S0936,False,2023-11-10 21:56:02.461124,form
S0937,True,2025-05-09 16:29:31.791727,email
S0938,False,2024-05-22 16:05:19.316694,digital
S0939,True,2024-03-31 09:33:57.815752,form
S0940,True,2023-08-23 11:02:41.936831,form
S0941,True,2024-09-18 00:30:25.095645,email
S0942,False,2024-12-04 00:03:27.447679,digital
S0943,False,2024-10-24 07:15:43.986348,email
S0944,True,2024-05-29 12:52:38.010803,digital
S0945,False,2024-09-15 09:31:43.422715,digital
S0946,True,2024-06-21 05:29:50.794337,form
S0947,False,2024-07-27 09:24:21.380699,digital
S0948,True,2025-03-14 12:39:30.416040,email
S0949,False,2024-08-20 05:12:55.249861,digital
S0950,False,2024-05-11 07:36:59.684736,digital
S0951,False,2024-06-24 16:51:29.258279,digital
S0952,False,2025-03-06 02:49:37.568353,email
S0953,False,2025-02-27 22:24:01.499557,form
S0954,True,2023-09-30 01:50:31.771012,email
S0955,True,2024-07-08 12:02:32.107597,email
S0956,False,2023-11-17 18:35:58.783383,email
S0957,True,2025-06-22 17:25:27.989255,email
S0958,False,2023-07-25 09:04:52.628304,digital
S0959,True,2024-10-09 09:51:18.495299,email
S0960,True,2024-02-14 23:12:10.924536,email
S0961,False,2024-07-14 13:01:34.320224,email
S0962,False,2024-04-13 15:40:54.425081,digital
S0963,False,2023-11-10 12:45:00.286806,form
S0964,True,2024-09-26 04:26:17.685328,digital
S0965,True,2023-12-17 23:08:34.993136,digital
S0966,True,2023-08-04 09:07:28.293295,digital
S0967,True,2024-01-10 05:26:40.641402,digital
S0968,False,2023-07-19 07:52:56.083165,digital
S0969,False,2025-04-11 01:28:24.363716,form
S0970,True,2024-03-16 17:20:23.332779,form
S0971,True,2025-06-22 22:21:10.614352,digital
S0972,True,2024-03-31 18:10:19.967472,digital
S0973,True,2024-09-22 01:11:32.366268,form
S0974,False,2024-11-09 07:33:24.875484,email
S0975,False,2024-08-16 06:33:21.931988,digital
S0976,False,2023-07-19 20:47:31.938534,digital
S0977,False,2023-09-26 16:06:34.364362,email
S0978,True,2024-01-17 17:29:27.981473,form
S0979,False,2024-07-27 05:46:56.686734,email
S0980,True,2025-01-16 01:53:51.320877,form
S0981,False,2024-03-03 18:34:47.820380,digital
S0982,False,2024-03-27 01:47:49.748717,email
S0983,False,2023-12-27 23:44:51.202236,email
S0984,True,2025-05-09 22:12:58.255604,digital
S0985,False,2024-04-09 16:39:21.022131,digital
S0986,True,2024-09-03 02:21:01.306017,digital
S0987,False,2023-11-17 17:47:14.244262,form
S0988,False,2024-03-11 08:42:18.412550,email
S0989,True,2025-02-11 23:53:25.042672,form
S0990,False,2024-01-28 08:52:08.593327,email
S0991,True,2024-10-05 18:07:11.043711,form
S0992,False,2024-10-02 13:49:08.638280,form
S0993,False,2023-10-02 17:08:16.028786,email
S0994,True,2024-07-20 14:49:27.637023,email
S0995,False,2024-08-21 06:49:02.572480,email
S0996,False,2024-01-10 04:08:03.229919,form
S0997,True,2024-04-08 09:18:33.977743,email
S0998,True,2025-03-21 08:33:44.876987,email
S0999,False,2025-03-21 07:08:49.310514,email
